<scene version="2.1.0">

<!-- Defaults, these can be set via the command line: -Darg=value -->

	<default name="spp" value="512"/>
	<default name="resx" value="1920"/>
	<default name="resy" value="1080"/>

<!-- Camera and Rendering Parameters -->

	<integrator type="path" id="elm__0" name="elm__0">
		<integer name="max_depth" value="12"/>
	</integrator>
	<sensor type="perspective" id="camera" name="camera">
		<string name="fov_axis" value="x"/>
		<float name="fov" value="83.974423"/>
		<float name="principal_point_offset_x" value="0.000000"/>
		<float name="principal_point_offset_y" value="-0.000000"/>
		<float name="near_clip" value="5.000000"/>
		<float name="far_clip" value="1000.000000"/>
		<transform name="to_world">
			<rotate x="1" angle="85.00001033389452"/>
			<rotate y="1" angle="-4.3655886446769003e-07"/>
			<rotate z="1" angle="179.999991348578"/>
			<translate value="0.000000 -14.336818 -1.642709"/>
		</transform>
		<sampler type="independent" name="sampler">
			<integer name="sample_count" value="$spp"/>
		</sampler>
		<film type="hdrfilm" name="film">
			<integer name="width" value="$resx"/>
			<integer name="height" value="$resy"/>
		</film>
	</sensor>
	<sensor type="perspective" id="camera.001" name="camera.001">
		<string name="fov_axis" value="x"/>
		<float name="fov" value="83.974423"/>
		<float name="principal_point_offset_x" value="0.000000"/>
		<float name="principal_point_offset_y" value="-0.000000"/>
		<float name="near_clip" value="5.000000"/>
		<float name="far_clip" value="1000.000000"/>
		<transform name="to_world">
			<rotate x="1" angle="85.00001033389452"/>
			<rotate y="1" angle="3.1746220564272764e-07"/>
			<rotate z="1" angle="3.661527015058663e-06"/>
			<translate value="0.000000 13.166188 -1.642709"/>
		</transform>
		<sampler type="independent" name="sampler">
			<integer name="sample_count" value="$spp"/>
		</sampler>
		<film type="hdrfilm" name="film">
			<integer name="width" value="$resx"/>
			<integer name="height" value="$resy"/>
		</film>
	</sensor>

<!-- Materials -->

	<bsdf type="diffuse" id="mat-itu_wood" name="mat-itu_wood">
<rgb value="0.8 0.5 0.3" name="reflectance"/>
</bsdf>
<bsdf type="diffuse" id="mat-itu_concrete" name="mat-itu_concrete">
<rgb value="0.7 0.7 0.7" name="reflectance"/>
</bsdf>
<bsdf type="diffuse" id="mat-itu_metal" name="mat-itu_metal">
<rgb value="0.8 0.8 0.8" name="reflectance"/>
</bsdf>
	<bsdf type="twosided" id="mat-itu_glass" name="mat-itu_glass">
		<bsdf type="principled" name="bsdf">
			<rgb value="0.800000 0.800000 0.800000" name="base_color"/>
			<rgb value="1.000000 1.000000 1.000000" name="spec_tint"/>
			<float name="spec_trans" value="0.000000"/>
			<float name="metallic" value="0.000000"/>
			<float name="anisotropic" value="0.000000"/>
			<float name="roughness" value="0.000000"/>
			<float name="sheen" value="0.000000"/>
			<rgb value="1.000000 1.000000 1.000000" name="sheen_tint"/>
			<float name="clearcoat" value="0.000000"/>
			<float name="clearcoat_gloss" value="0.000900"/>
			<float name="specular" value="0.500000"/>
		</bsdf>
	</bsdf>

<!-- Emitters -->


<!-- Shapes -->

	<shape type="ply" id="mesh-door_MF_leaf" name="mesh-door_MF_leaf">
		<string name="filename" value="meshes/door_MF_leaf.ply"/>
		<ref id="mat-itu_wood" name="bsdf"/>
	</shape>
	<shape type="ply" id="mesh-door_MF_frame" name="mesh-door_MF_frame">
		<string name="filename" value="meshes/door_MF_frame.ply"/>
		<ref id="mat-itu_wood" name="bsdf"/>
	</shape>
	<shape type="ply" id="mesh-cube_026" name="mesh-cube_026">
		<string name="filename" value="meshes/cube_026.ply"/>
		<ref id="mat-itu_concrete" name="bsdf"/>
	</shape>
	<shape type="ply" id="mesh-cube_018" name="mesh-cube_018">
		<string name="filename" value="meshes/cube_018.ply"/>
		<ref id="mat-itu_concrete" name="bsdf"/>
	</shape>
	<shape type="ply" id="mesh-cube_061" name="mesh-cube_061">
		<string name="filename" value="meshes/cube_061.ply"/>
		<ref id="mat-itu_concrete" name="bsdf"/>
	</shape>
	<shape type="ply" id="mesh-Frame_010" name="mesh-Frame_010">
		<string name="filename" value="meshes/Frame_010.ply"/>
		<ref id="mat-itu_wood" name="bsdf"/>
	</shape>
	<shape type="ply" id="mesh-Door_009" name="mesh-Door_009">
		<string name="filename" value="meshes/Door_009.ply"/>
		<ref id="mat-itu_wood" name="bsdf"/>
	</shape>
	<shape type="ply" id="mesh-Frame_002" name="mesh-Frame_002">
		<string name="filename" value="meshes/Frame_002.ply"/>
		<ref id="mat-itu_wood" name="bsdf"/>
	</shape>
	<shape type="ply" id="mesh-Door_001" name="mesh-Door_001">
		<string name="filename" value="meshes/Door_001.ply"/>
		<ref id="mat-itu_wood" name="bsdf"/>
	</shape>
	<shape type="ply" id="mesh-Frame_006" name="mesh-Frame_006">
		<string name="filename" value="meshes/Frame_006.ply"/>
		<ref id="mat-itu_wood" name="bsdf"/>
	</shape>
	<shape type="ply" id="mesh-Door_005" name="mesh-Door_005">
		<string name="filename" value="meshes/Door_005.ply"/>
		<ref id="mat-itu_wood" name="bsdf"/>
	</shape>
	<shape type="ply" id="mesh-uPVC_Window_Out_Sill_L3_009" name="mesh-uPVC_Window_Out_Sill_L3_009">
		<string name="filename" value="meshes/uPVC_Window_Out_Sill_L3_009.ply"/>
		<ref id="mat-itu_metal" name="bsdf"/>
	</shape>
	<shape type="ply" id="mesh-uPVC_Window_In_Sill_L3_009" name="mesh-uPVC_Window_In_Sill_L3_009">
		<string name="filename" value="meshes/uPVC_Window_In_Sill_L3_009.ply"/>
		<ref id="mat-itu_wood" name="bsdf"/>
	</shape>
	<shape type="ply" id="mesh-uPVC_Window_Out_Sill_L3_005" name="mesh-uPVC_Window_Out_Sill_L3_005">
		<string name="filename" value="meshes/uPVC_Window_Out_Sill_L3_005.ply"/>
		<ref id="mat-itu_metal" name="bsdf"/>
	</shape>
	<shape type="ply" id="mesh-uPVC_Window_In_Sill_L3_005" name="mesh-uPVC_Window_In_Sill_L3_005">
		<string name="filename" value="meshes/uPVC_Window_In_Sill_L3_005.ply"/>
		<ref id="mat-itu_wood" name="bsdf"/>
	</shape>
	<shape type="ply" id="mesh-cube_019" name="mesh-cube_019">
		<string name="filename" value="meshes/cube_019.ply"/>
		<ref id="mat-itu_concrete" name="bsdf"/>
	</shape>
	<shape type="ply" id="mesh-cube_020" name="mesh-cube_020">
		<string name="filename" value="meshes/cube_020.ply"/>
		<ref id="mat-itu_concrete" name="bsdf"/>
	</shape>
	<shape type="ply" id="mesh-cube_023" name="mesh-cube_023">
		<string name="filename" value="meshes/cube_023.ply"/>
		<ref id="mat-itu_concrete" name="bsdf"/>
	</shape>
	<shape type="ply" id="mesh-Frame_003" name="mesh-Frame_003">
		<string name="filename" value="meshes/Frame_003.ply"/>
		<ref id="mat-itu_wood" name="bsdf"/>
	</shape>
	<shape type="ply" id="mesh-Door_002" name="mesh-Door_002">
		<string name="filename" value="meshes/Door_002.ply"/>
		<ref id="mat-itu_wood" name="bsdf"/>
	</shape>
	<shape type="ply" id="mesh-Frame_004" name="mesh-Frame_004">
		<string name="filename" value="meshes/Frame_004.ply"/>
		<ref id="mat-itu_wood" name="bsdf"/>
	</shape>
	<shape type="ply" id="mesh-Door_003" name="mesh-Door_003">
		<string name="filename" value="meshes/Door_003.ply"/>
		<ref id="mat-itu_wood" name="bsdf"/>
	</shape>
	<shape type="ply" id="mesh-Frame_007" name="mesh-Frame_007">
		<string name="filename" value="meshes/Frame_007.ply"/>
		<ref id="mat-itu_wood" name="bsdf"/>
	</shape>
	<shape type="ply" id="mesh-Door_006" name="mesh-Door_006">
		<string name="filename" value="meshes/Door_006.ply"/>
		<ref id="mat-itu_wood" name="bsdf"/>
	</shape>
	<shape type="ply" id="mesh-uPVC_Window_Out_Sill_L3_002" name="mesh-uPVC_Window_Out_Sill_L3_002">
		<string name="filename" value="meshes/uPVC_Window_Out_Sill_L3_002.ply"/>
		<ref id="mat-itu_metal" name="bsdf"/>
	</shape>
	<shape type="ply" id="mesh-uPVC_Window_In_Sill_L3_002" name="mesh-uPVC_Window_In_Sill_L3_002">
		<string name="filename" value="meshes/uPVC_Window_In_Sill_L3_002.ply"/>
		<ref id="mat-itu_wood" name="bsdf"/>
	</shape>
	<shape type="ply" id="mesh-uPVC_Window_Out_Sill_L3_003" name="mesh-uPVC_Window_Out_Sill_L3_003">
		<string name="filename" value="meshes/uPVC_Window_Out_Sill_L3_003.ply"/>
		<ref id="mat-itu_metal" name="bsdf"/>
	</shape>
	<shape type="ply" id="mesh-uPVC_Window_In_Sill_L3_003" name="mesh-uPVC_Window_In_Sill_L3_003">
		<string name="filename" value="meshes/uPVC_Window_In_Sill_L3_003.ply"/>
		<ref id="mat-itu_wood" name="bsdf"/>
	</shape>
	<shape type="ply" id="mesh-cube_063" name="mesh-cube_063">
		<string name="filename" value="meshes/cube_063.ply"/>
		<ref id="mat-itu_concrete" name="bsdf"/>
	</shape>
	<shape type="ply" id="mesh-cube_064" name="mesh-cube_064">
		<string name="filename" value="meshes/cube_064.ply"/>
		<ref id="mat-itu_concrete" name="bsdf"/>
	</shape>
	<shape type="ply" id="mesh-cube_065" name="mesh-cube_065">
		<string name="filename" value="meshes/cube_065.ply"/>
		<ref id="mat-itu_concrete" name="bsdf"/>
	</shape>
	<shape type="ply" id="mesh-Frame_008" name="mesh-Frame_008">
		<string name="filename" value="meshes/Frame_008.ply"/>
		<ref id="mat-itu_wood" name="bsdf"/>
	</shape>
	<shape type="ply" id="mesh-Door_007" name="mesh-Door_007">
		<string name="filename" value="meshes/Door_007.ply"/>
		<ref id="mat-itu_wood" name="bsdf"/>
	</shape>
	<shape type="ply" id="mesh-Frame_011" name="mesh-Frame_011">
		<string name="filename" value="meshes/Frame_011.ply"/>
		<ref id="mat-itu_wood" name="bsdf"/>
	</shape>
	<shape type="ply" id="mesh-Door_010" name="mesh-Door_010">
		<string name="filename" value="meshes/Door_010.ply"/>
		<ref id="mat-itu_wood" name="bsdf"/>
	</shape>
	<shape type="ply" id="mesh-Frame_012" name="mesh-Frame_012">
		<string name="filename" value="meshes/Frame_012.ply"/>
		<ref id="mat-itu_wood" name="bsdf"/>
	</shape>
	<shape type="ply" id="mesh-Door_011" name="mesh-Door_011">
		<string name="filename" value="meshes/Door_011.ply"/>
		<ref id="mat-itu_wood" name="bsdf"/>
	</shape>
	<shape type="ply" id="mesh-uPVC_Window_Out_Sill_L3_007" name="mesh-uPVC_Window_Out_Sill_L3_007">
		<string name="filename" value="meshes/uPVC_Window_Out_Sill_L3_007.ply"/>
		<ref id="mat-itu_metal" name="bsdf"/>
	</shape>
	<shape type="ply" id="mesh-uPVC_Window_In_Sill_L3_007" name="mesh-uPVC_Window_In_Sill_L3_007">
		<string name="filename" value="meshes/uPVC_Window_In_Sill_L3_007.ply"/>
		<ref id="mat-itu_wood" name="bsdf"/>
	</shape>
	<shape type="ply" id="mesh-uPVC_Window_Out_Sill_L3_010" name="mesh-uPVC_Window_Out_Sill_L3_010">
		<string name="filename" value="meshes/uPVC_Window_Out_Sill_L3_010.ply"/>
		<ref id="mat-itu_metal" name="bsdf"/>
	</shape>
	<shape type="ply" id="mesh-uPVC_Window_In_Sill_L3_010" name="mesh-uPVC_Window_In_Sill_L3_010">
		<string name="filename" value="meshes/uPVC_Window_In_Sill_L3_010.ply"/>
		<ref id="mat-itu_wood" name="bsdf"/>
	</shape>
	<shape type="ply" id="mesh-ladder_section_01" name="mesh-ladder_section_01">
		<string name="filename" value="meshes/ladder_section_01.ply"/>
		<ref id="mat-itu_metal" name="bsdf"/>
	</shape>
	<shape type="ply" id="mesh-ladder_section_02" name="mesh-ladder_section_02">
		<string name="filename" value="meshes/ladder_section_02.ply"/>
		<ref id="mat-itu_metal" name="bsdf"/>
	</shape>
	<shape type="ply" id="mesh-ladder_section_03" name="mesh-ladder_section_03">
		<string name="filename" value="meshes/ladder_section_03.ply"/>
		<ref id="mat-itu_metal" name="bsdf"/>
	</shape>
	<shape type="ply" id="mesh-ladder_ribbon" name="mesh-ladder_ribbon">
		<string name="filename" value="meshes/ladder_ribbon.ply"/>
		<ref id="mat-itu_metal" name="bsdf"/>
	</shape>
	<shape type="ply" id="mesh-Futuristic_Metal_Lockers_with_Names" name="mesh-Futuristic_Metal_Lockers_with_Names">
		<string name="filename" value="meshes/Futuristic_Metal_Lockers_with_Names.ply"/>
		<ref id="mat-itu_concrete" name="bsdf"/>
	</shape>
	<shape type="ply" id="mesh-File_Cabinets-Freepoly_org" name="mesh-File_Cabinets-Freepoly_org">
		<string name="filename" value="meshes/File_Cabinets-Freepoly_org.ply"/>
		<ref id="mat-itu_concrete" name="bsdf"/>
	</shape>
	<shape type="ply" id="mesh-File_Cabinets-Freepoly_org_001" name="mesh-File_Cabinets-Freepoly_org_001">
		<string name="filename" value="meshes/File_Cabinets-Freepoly_org_001.ply"/>
		<ref id="mat-itu_concrete" name="bsdf"/>
	</shape>
	<shape type="ply" id="mesh-Table" name="mesh-Table">
		<string name="filename" value="meshes/Table.ply"/>
		<ref id="mat-itu_wood" name="bsdf"/>
	</shape>
	<shape type="ply" id="mesh-Levelers" name="mesh-Levelers">
		<string name="filename" value="meshes/Levelers.ply"/>
		<ref id="mat-itu_wood" name="bsdf"/>
	</shape>
	<shape type="ply" id="mesh-NIUYAO_Dining_Table___janaina_chair" name="mesh-NIUYAO_Dining_Table___janaina_chair">
		<string name="filename" value="meshes/NIUYAO_Dining_Table___janaina_chair.ply"/>
		<ref id="mat-itu_wood" name="bsdf"/>
	</shape>
	<shape type="ply" id="mesh-1_mesaaa__007" name="mesh-1_mesaaa__007">
		<string name="filename" value="meshes/1_mesaaa__007.ply"/>
		<ref id="mat-itu_wood" name="bsdf"/>
	</shape>
	<shape type="ply" id="mesh-1_mesaaa__006" name="mesh-1_mesaaa__006">
		<string name="filename" value="meshes/1_mesaaa__006.ply"/>
		<ref id="mat-itu_wood" name="bsdf"/>
	</shape>
	<shape type="ply" id="mesh-1_mesaaa__005" name="mesh-1_mesaaa__005">
		<string name="filename" value="meshes/1_mesaaa__005.ply"/>
		<ref id="mat-itu_wood" name="bsdf"/>
	</shape>
	<shape type="ply" id="mesh-1_mesaaa__004" name="mesh-1_mesaaa__004">
		<string name="filename" value="meshes/1_mesaaa__004.ply"/>
		<ref id="mat-itu_wood" name="bsdf"/>
	</shape>
	<shape type="ply" id="mesh-1_mesaaa__003" name="mesh-1_mesaaa__003">
		<string name="filename" value="meshes/1_mesaaa__003.ply"/>
		<ref id="mat-itu_wood" name="bsdf"/>
	</shape>
	<shape type="ply" id="mesh-1_mesaaa__002" name="mesh-1_mesaaa__002">
		<string name="filename" value="meshes/1_mesaaa__002.ply"/>
		<ref id="mat-itu_wood" name="bsdf"/>
	</shape>
	<shape type="ply" id="mesh-1_mesaaa__001" name="mesh-1_mesaaa__001">
		<string name="filename" value="meshes/1_mesaaa__001.ply"/>
		<ref id="mat-itu_wood" name="bsdf"/>
	</shape>
	<shape type="ply" id="mesh-1_Etiqueta___001" name="mesh-1_Etiqueta___001">
		<string name="filename" value="meshes/1_Etiqueta___001.ply"/>
		<boolean name="face_normals" value="true"/>
		<ref id="mat-itu_wood" name="bsdf"/>
	</shape>
	<shape type="ply" id="mesh-1_Etiqueta__" name="mesh-1_Etiqueta__">
		<string name="filename" value="meshes/1_Etiqueta__.ply"/>
		<boolean name="face_normals" value="true"/>
		<ref id="mat-itu_wood" name="bsdf"/>
	</shape>
	<shape type="ply" id="mesh-Wood_frame" name="mesh-Wood_frame">
		<string name="filename" value="meshes/Wood_frame.ply"/>
		<ref id="mat-itu_wood" name="bsdf"/>
	</shape>
	<shape type="ply" id="mesh-Seat" name="mesh-Seat">
		<string name="filename" value="meshes/Seat.ply"/>
		<ref id="mat-itu_wood" name="bsdf"/>
	</shape>
	<shape type="ply" id="mesh-Levellers" name="mesh-Levellers">
		<string name="filename" value="meshes/Levellers.ply"/>
		<ref id="mat-itu_wood" name="bsdf"/>
	</shape>
	<shape type="ply" id="mesh-Buttons" name="mesh-Buttons">
		<string name="filename" value="meshes/Buttons.ply"/>
		<ref id="mat-itu_wood" name="bsdf"/>
	</shape>
	<shape type="ply" id="mesh-Levellers_001" name="mesh-Levellers_001">
		<string name="filename" value="meshes/Levellers_001.ply"/>
		<ref id="mat-itu_wood" name="bsdf"/>
	</shape>
	<shape type="ply" id="mesh-cube_001" name="mesh-cube_001">
		<string name="filename" value="meshes/cube_001.ply"/>
		<boolean name="face_normals" value="true"/>
		<ref id="mat-itu_concrete" name="bsdf"/>
	</shape>
	<shape type="ply" id="mesh-cube_002" name="mesh-cube_002">
		<string name="filename" value="meshes/cube_002.ply"/>
		<boolean name="face_normals" value="true"/>
		<ref id="mat-itu_concrete" name="bsdf"/>
	</shape>
	<shape type="ply" id="mesh-cube_003" name="mesh-cube_003">
		<string name="filename" value="meshes/cube_003.ply"/>
		<boolean name="face_normals" value="true"/>
		<ref id="mat-itu_concrete" name="bsdf"/>
	</shape>
	<shape type="ply" id="mesh-cube_004" name="mesh-cube_004">
		<string name="filename" value="meshes/cube_004.ply"/>
		<boolean name="face_normals" value="true"/>
		<ref id="mat-itu_concrete" name="bsdf"/>
	</shape>
	<shape type="ply" id="mesh-pillar_001" name="mesh-pillar_001">
		<string name="filename" value="meshes/pillar_001.ply"/>
		<boolean name="face_normals" value="true"/>
		<ref id="mat-itu_concrete" name="bsdf"/>
	</shape>
	<shape type="ply" id="mesh-cube_005" name="mesh-cube_005">
		<string name="filename" value="meshes/cube_005.ply"/>
		<boolean name="face_normals" value="true"/>
		<ref id="mat-itu_concrete" name="bsdf"/>
	</shape>
	<shape type="ply" id="mesh-column_002" name="mesh-column_002">
		<string name="filename" value="meshes/column_002.ply"/>
		<boolean name="face_normals" value="true"/>
		<ref id="mat-itu_metal" name="bsdf"/>
	</shape>
	<shape type="ply" id="mesh-cube_008" name="mesh-cube_008">
		<string name="filename" value="meshes/cube_008.ply"/>
		<ref id="mat-itu_metal" name="bsdf"/>
	</shape>
	<shape type="ply" id="mesh-cube_010" name="mesh-cube_010">
		<string name="filename" value="meshes/cube_010.ply"/>
		<boolean name="face_normals" value="true"/>
		<ref id="mat-itu_metal" name="bsdf"/>
	</shape>
	<shape type="ply" id="mesh-cube_009" name="mesh-cube_009">
		<string name="filename" value="meshes/cube_009.ply"/>
		<boolean name="face_normals" value="true"/>
		<ref id="mat-itu_wood" name="bsdf"/>
	</shape>
	<shape type="ply" id="mesh-plane" name="mesh-plane">
		<string name="filename" value="meshes/plane.ply"/>
		<boolean name="face_normals" value="true"/>
		<ref id="mat-itu_wood" name="bsdf"/>
	</shape>
	<shape type="ply" id="mesh-cube_011" name="mesh-cube_011">
		<string name="filename" value="meshes/cube_011.ply"/>
		<boolean name="face_normals" value="true"/>
		<ref id="mat-itu_concrete" name="bsdf"/>
	</shape>
	<shape type="ply" id="mesh-column_003" name="mesh-column_003">
		<string name="filename" value="meshes/column_003.ply"/>
		<boolean name="face_normals" value="true"/>
		<ref id="mat-itu_concrete" name="bsdf"/>
	</shape>
	<shape type="ply" id="mesh-cube_012" name="mesh-cube_012">
		<string name="filename" value="meshes/cube_012.ply"/>
		<boolean name="face_normals" value="true"/>
		<ref id="mat-itu_wood" name="bsdf"/>
	</shape>
	<shape type="ply" id="mesh-cube_015" name="mesh-cube_015">
		<string name="filename" value="meshes/cube_015.ply"/>
		<ref id="mat-itu_concrete" name="bsdf"/>
	</shape>
	<shape type="ply" id="mesh-cube_017" name="mesh-cube_017">
		<string name="filename" value="meshes/cube_017.ply"/>
		<ref id="mat-itu_concrete" name="bsdf"/>
	</shape>
	<shape type="ply" id="mesh-cube_021" name="mesh-cube_021">
		<string name="filename" value="meshes/cube_021.ply"/>
		<ref id="mat-itu_concrete" name="bsdf"/>
	</shape>
	<shape type="ply" id="mesh-cube_025" name="mesh-cube_025">
		<string name="filename" value="meshes/cube_025.ply"/>
		<ref id="mat-itu_concrete" name="bsdf"/>
	</shape>
	<shape type="ply" id="mesh-cube_069" name="mesh-cube_069">
		<string name="filename" value="meshes/cube_069.ply"/>
		<boolean name="face_normals" value="true"/>
		<ref id="mat-itu_concrete" name="bsdf"/>
	</shape>
	<shape type="ply" id="mesh-cube_006" name="mesh-cube_006">
		<string name="filename" value="meshes/cube_006.ply"/>
		<ref id="mat-itu_metal" name="bsdf"/>
	</shape>
	<shape type="ply" id="mesh-wall_001" name="mesh-wall_001">
		<string name="filename" value="meshes/wall_001.ply"/>
		<ref id="mat-itu_concrete" name="bsdf"/>
	</shape>
	<shape type="ply" id="mesh-Frame_001" name="mesh-Frame_001">
		<string name="filename" value="meshes/Frame_001.ply"/>
		<ref id="mat-itu_concrete" name="bsdf"/>
	</shape>
	<shape type="ply" id="mesh-Door_01" name="mesh-Door_01">
		<string name="filename" value="meshes/Door_01.ply"/>
		<boolean name="face_normals" value="true"/>
		<ref id="mat-itu_concrete" name="bsdf"/>
	</shape>
	<shape type="ply" id="mesh-Door" name="mesh-Door">
		<string name="filename" value="meshes/Door.ply"/>
		<ref id="mat-itu_wood" name="bsdf"/>
	</shape>
	<shape type="ply" id="mesh-Frame_005" name="mesh-Frame_005">
		<string name="filename" value="meshes/Frame_005.ply"/>
		<ref id="mat-itu_concrete" name="bsdf"/>
	</shape>
	<shape type="ply" id="mesh-Door_01_004" name="mesh-Door_01_004">
		<string name="filename" value="meshes/Door_01_004.ply"/>
		<boolean name="face_normals" value="true"/>
		<ref id="mat-itu_concrete" name="bsdf"/>
	</shape>
	<shape type="ply" id="mesh-Door_004" name="mesh-Door_004">
		<string name="filename" value="meshes/Door_004.ply"/>
		<ref id="mat-itu_wood" name="bsdf"/>
	</shape>
	<shape type="ply" id="mesh-Frame_009" name="mesh-Frame_009">
		<string name="filename" value="meshes/Frame_009.ply"/>
		<ref id="mat-itu_concrete" name="bsdf"/>
	</shape>
	<shape type="ply" id="mesh-Door_01_008" name="mesh-Door_01_008">
		<string name="filename" value="meshes/Door_01_008.ply"/>
		<boolean name="face_normals" value="true"/>
		<ref id="mat-itu_concrete" name="bsdf"/>
	</shape>
	<shape type="ply" id="mesh-Door_008" name="mesh-Door_008">
		<string name="filename" value="meshes/Door_008.ply"/>
		<ref id="mat-itu_wood" name="bsdf"/>
	</shape>
	<shape type="ply" id="mesh-uPVC_Window_Out_Sill_L3" name="mesh-uPVC_Window_Out_Sill_L3">
		<string name="filename" value="meshes/uPVC_Window_Out_Sill_L3.ply"/>
		<ref id="mat-itu_metal" name="bsdf"/>
	</shape>
	<shape type="ply" id="mesh-uPVC_Window_In_Sill_L3" name="mesh-uPVC_Window_In_Sill_L3">
		<string name="filename" value="meshes/uPVC_Window_In_Sill_L3.ply"/>
		<ref id="mat-itu_metal" name="bsdf"/>
	</shape>
	<shape type="ply" id="mesh-uPVC_Window_Out_Sill_L3_004" name="mesh-uPVC_Window_Out_Sill_L3_004">
		<string name="filename" value="meshes/uPVC_Window_Out_Sill_L3_004.ply"/>
		<ref id="mat-itu_metal" name="bsdf"/>
	</shape>
	<shape type="ply" id="mesh-uPVC_Window_In_Sill_L3_004" name="mesh-uPVC_Window_In_Sill_L3_004">
		<string name="filename" value="meshes/uPVC_Window_In_Sill_L3_004.ply"/>
		<ref id="mat-itu_metal" name="bsdf"/>
	</shape>
	<shape type="ply" id="mesh-uPVC_Window_Out_Sill_L3_008" name="mesh-uPVC_Window_Out_Sill_L3_008">
		<string name="filename" value="meshes/uPVC_Window_Out_Sill_L3_008.ply"/>
		<ref id="mat-itu_metal" name="bsdf"/>
	</shape>
	<shape type="ply" id="mesh-uPVC_Window_In_Sill_L3_008" name="mesh-uPVC_Window_In_Sill_L3_008">
		<string name="filename" value="meshes/uPVC_Window_In_Sill_L3_008.ply"/>
		<ref id="mat-itu_metal" name="bsdf"/>
	</shape>
	<shape type="ply" id="mesh-cube" name="mesh-cube">
		<string name="filename" value="meshes/cube.ply"/>
		<boolean name="face_normals" value="true"/>
		<ref id="mat-itu_metal" name="bsdf"/>
	</shape>
	<shape type="ply" id="mesh-cube_030" name="mesh-cube_030">
		<string name="filename" value="meshes/cube_030.ply"/>
		<boolean name="face_normals" value="true"/>
		<ref id="mat-itu_metal" name="bsdf"/>
	</shape>
	<shape type="ply" id="mesh-cube_031" name="mesh-cube_031">
		<string name="filename" value="meshes/cube_031.ply"/>
		<boolean name="face_normals" value="true"/>
		<ref id="mat-itu_metal" name="bsdf"/>
	</shape>
	<shape type="ply" id="mesh-cube_033" name="mesh-cube_033">
		<string name="filename" value="meshes/cube_033.ply"/>
		<boolean name="face_normals" value="true"/>
		<ref id="mat-itu_metal" name="bsdf"/>
	</shape>
	<shape type="ply" id="mesh-cube_013" name="mesh-cube_013">
		<string name="filename" value="meshes/cube_013.ply"/>
		<boolean name="face_normals" value="true"/>
		<ref id="mat-itu_metal" name="bsdf"/>
	</shape>
	<shape type="ply" id="mesh-cube_014" name="mesh-cube_014">
		<string name="filename" value="meshes/cube_014.ply"/>
		<boolean name="face_normals" value="true"/>
		<ref id="mat-itu_metal" name="bsdf"/>
	</shape>
	<shape type="ply" id="mesh-cube_029" name="mesh-cube_029">
		<string name="filename" value="meshes/cube_029.ply"/>
		<boolean name="face_normals" value="true"/>
		<ref id="mat-itu_metal" name="bsdf"/>
	</shape>
	<shape type="ply" id="mesh-cube_032" name="mesh-cube_032">
		<string name="filename" value="meshes/cube_032.ply"/>
		<boolean name="face_normals" value="true"/>
		<ref id="mat-itu_metal" name="bsdf"/>
	</shape>
	<shape type="ply" id="mesh-cube_034" name="mesh-cube_034">
		<string name="filename" value="meshes/cube_034.ply"/>
		<boolean name="face_normals" value="true"/>
		<ref id="mat-itu_metal" name="bsdf"/>
	</shape>
	<shape type="ply" id="mesh-cube_036" name="mesh-cube_036">
		<string name="filename" value="meshes/cube_036.ply"/>
		<boolean name="face_normals" value="true"/>
		<ref id="mat-itu_concrete" name="bsdf"/>
	</shape>
	<shape type="ply" id="mesh-column_005" name="mesh-column_005">
		<string name="filename" value="meshes/column_005.ply"/>
		<ref id="mat-itu_metal" name="bsdf"/>
	</shape>
	<shape type="ply" id="mesh-column_006" name="mesh-column_006">
		<string name="filename" value="meshes/column_006.ply"/>
		<boolean name="face_normals" value="true"/>
		<ref id="mat-itu_metal" name="bsdf"/>
	</shape>
	<shape type="ply" id="mesh-curve" name="mesh-curve">
		<string name="filename" value="meshes/curve.ply"/>
		<ref id="mat-itu_metal" name="bsdf"/>
	</shape>
	<shape type="ply" id="mesh-cube_046" name="mesh-cube_046">
		<string name="filename" value="meshes/cube_046.ply"/>
		<boolean name="face_normals" value="true"/>
		<ref id="mat-itu_metal" name="bsdf"/>
	</shape>
	<shape type="ply" id="mesh-cube_070" name="mesh-cube_070">
		<string name="filename" value="meshes/cube_070.ply"/>
		<boolean name="face_normals" value="true"/>
		<ref id="mat-itu_wood" name="bsdf"/>
	</shape>
	<shape type="ply" id="mesh-cube_035" name="mesh-cube_035">
		<string name="filename" value="meshes/cube_035.ply"/>
		<boolean name="face_normals" value="true"/>
		<ref id="mat-itu_concrete" name="bsdf"/>
	</shape>
	<shape type="ply" id="mesh-cube_037" name="mesh-cube_037">
		<string name="filename" value="meshes/cube_037.ply"/>
		<boolean name="face_normals" value="true"/>
		<ref id="mat-itu_concrete" name="bsdf"/>
	</shape>
	<shape type="ply" id="mesh-cube_038" name="mesh-cube_038">
		<string name="filename" value="meshes/cube_038.ply"/>
		<boolean name="face_normals" value="true"/>
		<ref id="mat-itu_concrete" name="bsdf"/>
	</shape>
	<shape type="ply" id="mesh-cube_039" name="mesh-cube_039">
		<string name="filename" value="meshes/cube_039.ply"/>
		<boolean name="face_normals" value="true"/>
		<ref id="mat-itu_concrete" name="bsdf"/>
	</shape>
	<shape type="ply" id="mesh-cube_040" name="mesh-cube_040">
		<string name="filename" value="meshes/cube_040.ply"/>
		<boolean name="face_normals" value="true"/>
		<ref id="mat-itu_concrete" name="bsdf"/>
	</shape>
	<shape type="ply" id="mesh-cube_041" name="mesh-cube_041">
		<string name="filename" value="meshes/cube_041.ply"/>
		<boolean name="face_normals" value="true"/>
		<ref id="mat-itu_concrete" name="bsdf"/>
	</shape>
	<shape type="ply" id="mesh-cube_042" name="mesh-cube_042">
		<string name="filename" value="meshes/cube_042.ply"/>
		<boolean name="face_normals" value="true"/>
		<ref id="mat-itu_concrete" name="bsdf"/>
	</shape>
	<shape type="ply" id="mesh-cube_043" name="mesh-cube_043">
		<string name="filename" value="meshes/cube_043.ply"/>
		<boolean name="face_normals" value="true"/>
		<ref id="mat-itu_concrete" name="bsdf"/>
	</shape>
	<shape type="ply" id="mesh-cube_044" name="mesh-cube_044">
		<string name="filename" value="meshes/cube_044.ply"/>
		<boolean name="face_normals" value="true"/>
		<ref id="mat-itu_concrete" name="bsdf"/>
	</shape>
	<shape type="ply" id="mesh-cube_045" name="mesh-cube_045">
		<string name="filename" value="meshes/cube_045.ply"/>
		<boolean name="face_normals" value="true"/>
		<ref id="mat-itu_concrete" name="bsdf"/>
	</shape>
	<shape type="ply" id="mesh-cube_049" name="mesh-cube_049">
		<string name="filename" value="meshes/cube_049.ply"/>
		<boolean name="face_normals" value="true"/>
		<ref id="mat-itu_metal" name="bsdf"/>
	</shape>
	<shape type="ply" id="mesh-cube_050" name="mesh-cube_050">
		<string name="filename" value="meshes/cube_050.ply"/>
		<boolean name="face_normals" value="true"/>
		<ref id="mat-itu_metal" name="bsdf"/>
	</shape>
	<shape type="ply" id="mesh-cube_051" name="mesh-cube_051">
		<string name="filename" value="meshes/cube_051.ply"/>
		<boolean name="face_normals" value="true"/>
		<ref id="mat-itu_metal" name="bsdf"/>
	</shape>
	<shape type="ply" id="mesh-cube_052" name="mesh-cube_052">
		<string name="filename" value="meshes/cube_052.ply"/>
		<boolean name="face_normals" value="true"/>
		<ref id="mat-itu_metal" name="bsdf"/>
	</shape>
	<shape type="ply" id="mesh-cube_053" name="mesh-cube_053">
		<string name="filename" value="meshes/cube_053.ply"/>
		<boolean name="face_normals" value="true"/>
		<ref id="mat-itu_metal" name="bsdf"/>
	</shape>
	<shape type="ply" id="mesh-cube_054" name="mesh-cube_054">
		<string name="filename" value="meshes/cube_054.ply"/>
		<boolean name="face_normals" value="true"/>
		<ref id="mat-itu_metal" name="bsdf"/>
	</shape>
	<shape type="ply" id="mesh-cube_055" name="mesh-cube_055">
		<string name="filename" value="meshes/cube_055.ply"/>
		<boolean name="face_normals" value="true"/>
		<ref id="mat-itu_metal" name="bsdf"/>
	</shape>
	<shape type="ply" id="mesh-cube_056" name="mesh-cube_056">
		<string name="filename" value="meshes/cube_056.ply"/>
		<boolean name="face_normals" value="true"/>
		<ref id="mat-itu_metal" name="bsdf"/>
	</shape>
	<shape type="ply" id="mesh-cube_057" name="mesh-cube_057">
		<string name="filename" value="meshes/cube_057.ply"/>
		<boolean name="face_normals" value="true"/>
		<ref id="mat-itu_metal" name="bsdf"/>
	</shape>
	<shape type="ply" id="mesh-cube_058" name="mesh-cube_058">
		<string name="filename" value="meshes/cube_058.ply"/>
		<boolean name="face_normals" value="true"/>
		<ref id="mat-itu_metal" name="bsdf"/>
	</shape>
	<shape type="ply" id="mesh-cube_059" name="mesh-cube_059">
		<string name="filename" value="meshes/cube_059.ply"/>
		<boolean name="face_normals" value="true"/>
		<ref id="mat-itu_metal" name="bsdf"/>
	</shape>
	<shape type="ply" id="mesh-uPVC_Window_Panel_L3" name="mesh-uPVC_Window_Panel_L3">
		<string name="filename" value="meshes/uPVC_Window_Panel_L3.ply"/>
		<ref id="mat-itu_glass" name="bsdf"/>
	</shape>
	<shape type="ply" id="mesh-uPVC_Window_Panel_L3_001" name="mesh-uPVC_Window_Panel_L3_001">
		<string name="filename" value="meshes/uPVC_Window_Panel_L3_001.ply"/>
		<ref id="mat-itu_glass" name="bsdf"/>
	</shape>
	<shape type="ply" id="mesh-uPVC_Window_Panel_L3_002" name="mesh-uPVC_Window_Panel_L3_002">
		<string name="filename" value="meshes/uPVC_Window_Panel_L3_002.ply"/>
		<ref id="mat-itu_glass" name="bsdf"/>
	</shape>
	<shape type="ply" id="mesh-uPVC_Window_Panel_L3_003" name="mesh-uPVC_Window_Panel_L3_003">
		<string name="filename" value="meshes/uPVC_Window_Panel_L3_003.ply"/>
		<ref id="mat-itu_glass" name="bsdf"/>
	</shape>

<!-- Volumes -->

</scene>
